,supermercado,precio
0,Alcampo,57.13
1,Alcampo,58.27
2,Alcampo,6.59
3,Alcampo,6.72
4,Alcampo,7.28
5,Alcampo,7.44
6,Alcampo,6.59
7,Alcampo,6.72
8,Alcampo,6.95
9,Alcampo,7.28
10,Alcampo,7.44
11,Alcampo,9.76
12,Alcampo,10.13
13,Alcampo,10.27
14,Alcampo,10.33
15,Alcampo,4.29
16,Alcampo,10.23
17,Alcampo,10.43
18,Alcampo,11.41
19,Alcampo,11.64
20,Alcampo,9.51
21,Alcampo,9.51
22,Alcampo,9.70
23,Alcampo,11.75
24,Alcampo,11.75
25,Alcampo,7.35
26,Alcampo,7.65
27,Alcampo,10.16
28,Alcampo,10.82
29,Alcampo,11.71
30,Alcampo,12.65
31,Alcampo,2.83
32,Alcampo,2.98
33,Alcampo,3.13
34,Alcampo,3.19
35,Alcampo,3.28
36,Alcampo,3.29
37,Alcampo,3.35
38,Alcampo,7.35
39,Alcampo,7.65
40,Alcampo,8.55
41,Alcampo,8.98
42,Alcampo,9.75
43,Alcampo,10.13
44,Alcampo,10.68
45,Alcampo,10.82
46,Alcampo,12.65
47,Alcampo,12.75
48,Alcampo,21.68
49,Alcampo,23.69
50,Alcampo,38.45
51,Alcampo,40.59
52,Alcampo,40.60
53,Alcampo,41.63
54,Alcampo,42.12
55,Alcampo,43.04
56,Alcampo,46.26
57,Alcampo,52.15
58,Alcampo,12.25
59,Alcampo,12.26
60,Alcampo,12.51
61,Alcampo,13.75
62,Alcampo,14.03
63,Alcampo,14.18
64,Alcampo,14.26
65,Alcampo,9.44
66,Alcampo,10.70
67,Alcampo,14.18
68,Alcampo,12.86
69,Alcampo,12.98
70,Alcampo,13.66
71,Alcampo,13.78
72,Alcampo,14.17
73,Alcampo,14.88
74,Alcampo,36.73
75,Alcampo,40.99
76,Alcampo,50.57
77,Alcampo,52.57
78,Alcampo,55.20
79,Alcampo,3.74
80,Alcampo,3.81
81,Alcampo,3.97
82,Alcampo,36.95
83,Alcampo,36.99
84,Alcampo,37.99
85,Alcampo,44.48
86,Alcampo,44.70
87,Alcampo,46.94
88,Alcampo,7.35
89,Alcampo,10.82
90,Alcampo,3.95
91,Alcampo,4.02
92,Alcampo,6.62
93,Alcampo,7.61
94,Alcampo,7.76
95,Alcampo,8.65
96,Alcampo,8.78
97,Alcampo,9.28
98,Alcampo,10.19
99,Alcampo,10.36
100,Alcampo,10.88
101,Alcampo,60.94
102,Alcampo,9.44
103,Alcampo,9.63
104,Alcampo,9.46
105,Alcampo,9.59
106,Alcampo,9.78
107,Alcampo,37.99
108,Alcampo,41.66
109,Alcampo,43.74
110,Alcampo,45.53
111,Alcampo,47.93
112,Alcampo,62.99
113,Alcampo,6.99
114,Alcampo,7.59
115,Alcampo,11.88
116,Alcampo,12.12
117,Alcampo,12.32
118,Alcampo,6.99
119,Alcampo,7.59
120,Alcampo,11.31
121,Alcampo,11.54
122,Alcampo,11.51
123,Alcampo,11.74
124,Alcampo,35.95
125,Alcampo,52.37
126,Alcampo,53.42
127,Alcampo,14.14
128,Alcampo,15.57
129,Alcampo,12.93
130,Alcampo,13.06
131,Alcampo,13.11
132,Alcampo,13.18
133,Alcampo,13.19
134,Alcampo,13.77
135,Alcampo,13.94
136,Alcampo,14.98
137,Alcampo,12.99
138,Alcampo,13.03
139,Alcampo,13.25
140,Alcampo,12.59
141,Alcampo,12.93
142,Alcampo,13.06
143,Alcampo,13.11
144,Alcampo,13.94
145,Alcampo,11.87
146,Alcampo,13.11
147,Alcampo,13.37
148,Alcampo,13.77
149,Alcampo,13.94
150,Alcampo,12.85
151,Alcampo,12.98
152,Alcampo,13.06
153,Alcampo,13.11
154,Alcampo,13.24
155,Alcampo,13.77
156,Alcampo,13.94
157,Alcampo,14.98
158,Alcampo,7.99
159,Alcampo,55.71
160,Alcampo,17.13
161,Alcampo,42.84
162,Alcampo,9.17
163,Alcampo,9.35
164,Alcampo,10.46
165,Alcampo,8.56
166,Alcampo,8.73
167,Alcampo,46.65
168,Alcampo,47.58
169,Alcampo,14.90
170,Alcampo,16.57
171,Alcampo,16.90
172,Alcampo,6.36
173,Alcampo,10.46
174,Alcampo,6.69
175,Alcampo,6.99
176,Alcampo,9.49
177,Alcampo,9.51
178,Alcampo,9.68
179,Alcampo,6.69
180,Alcampo,6.99
181,Alcampo,9.49
182,Alcampo,9.68
183,Alcampo,10.46
184,Alcampo,10.99
185,Alcampo,38.08
186,Alcampo,39.95
187,Alcampo,47.60
188,Alcampo,49.99
189,Alcampo,35.95
190,Alcampo,36.95
191,Alcampo,39.90
192,Alcampo,11.26
193,Alcampo,9.13
194,Alcampo,9.74
195,Alcampo,11.41
196,Alcampo,12.37
197,Alcampo,32.95
198,Alcampo,35.95
199,Alcampo,38.04
200,Alcampo,39.95
201,Alcampo,47.60
202,Alcampo,6.99
203,Alcampo,7.95
204,Alcampo,8.35
205,Alcampo,9.78
206,Alcampo,9.99
207,Alcampo,11.83
208,Alcampo,6.99
209,Alcampo,7.95
210,Alcampo,8.35
211,Alcampo,9.78
212,Alcampo,9.99
213,Alcampo,11.83
214,Alcampo,32.95
215,Alcampo,35.95
216,Alcampo,38.04
217,Alcampo,39.95
218,Alcampo,44.99
219,Alcampo,46.65
220,Alcampo,52.37
221,Alcampo,55.78
222,Alcampo,9.46
223,Alcampo,9.65
224,Alcampo,37.99
225,Alcampo,39.95
226,Alcampo,41.45
227,Alcampo,43.75
228,Alcampo,49.51
229,Alcampo,51.99
230,Alcampo,57.13
231,Alcampo,58.27
232,Alcampo,6.99
233,Alcampo,7.29
234,Alcampo,7.57
235,Alcampo,8.29
236,Alcampo,8.46
237,Alcampo,8.74
238,Alcampo,8.91
239,Alcampo,9.18
240,Alcampo,20.37
241,Alcampo,22.65
242,Alcampo,24.41
243,Alcampo,26.75
244,Alcampo,27.29
245,Alcampo,35.95
246,Alcampo,41.03
247,Alcampo,41.85
248,Alcampo,42.80
249,Alcampo,6.99
250,Alcampo,7.29
251,Alcampo,7.57
252,Alcampo,8.29
253,Alcampo,8.46
254,Alcampo,8.74
255,Alcampo,8.91
256,Alcampo,9.18
257,Alcampo,20.37
258,Alcampo,22.65
259,Alcampo,24.41
260,Alcampo,26.27
261,Alcampo,26.80
262,Alcampo,35.95
263,Alcampo,41.03
264,Alcampo,41.85
265,Alcampo,42.80
266,Alcampo,44.94
267,Alcampo,12.37
268,Alcampo,12.62
269,Alcampo,35.95
270,Alcampo,41.45
271,Alcampo,50.46
272,Alcampo,51.47
273,Alcampo,52.99
274,Alcampo,8.91
275,Alcampo,9.09
276,Alcampo,5.06
277,Alcampo,5.16
278,Alcampo,5.32
279,Alcampo,25.70
280,Alcampo,26.21
281,Alcampo,26.99
282,Alcampo,13.13
283,Alcampo,13.77
284,Alcampo,13.88
285,Alcampo,14.04
286,Alcampo,14.05
287,Alcampo,14.22
288,Alcampo,14.94
289,Alcampo,28.94
290,Alcampo,29.99
291,Alcampo,30.45
292,Alcampo,31.72
293,Alcampo,31.97
294,Alcampo,33.65
295,Alcampo,46.52
296,Alcampo,48.99
297,Alcampo,49.97
298,Alcampo,50.57
299,Alcampo,52.37
300,Alcampo,54.99
301,Alcampo,6.46
302,Alcampo,6.57
303,Alcampo,6.59
304,Alcampo,6.69
305,Alcampo,7.44
306,Alcampo,7.56
307,Alcampo,11.41
308,Alcampo,11.64
309,Alcampo,10.46
310,Alcampo,10.67
311,Alcampo,53.32
312,Alcampo,54.39
313,Alcampo,50.46
314,Alcampo,51.47
315,Alcampo,9.81
316,Alcampo,18.08
317,Alcampo,18.99
318,Alcampo,3.32
319,Alcampo,11.88
320,Alcampo,11.41
321,Alcampo,52.37
322,Alcampo,53.42
323,Alcampo,54.27
324,Alcampo,55.36
325,Alcampo,36.18
326,Alcampo,11.69
327,Alcampo,12.15
328,Alcampo,12.54
329,Alcampo,35.99
330,Alcampo,36.71
331,Alcampo,57.48
332,Alcampo,58.63
333,Alcampo,36.18
334,Alcampo,46.65
335,Alcampo,47.58
336,Alcampo,50.46
337,Alcampo,51.47
338,Alcampo,11.38
339,Alcampo,12.63
340,Alcampo,13.45
341,Alcampo,49.51
342,Alcampo,50.50
343,Alcampo,52.37
344,Alcampo,53.42
345,Alcampo,7.13
346,Alcampo,8.56
347,Alcampo,8.73
348,Alcampo,7.13
349,Alcampo,8.56
350,Alcampo,8.73
351,Alcampo,8.99
352,Alcampo,9.51
353,Alcampo,6.18
354,Alcampo,8.56
355,Alcampo,8.73
356,Alcampo,4.65
357,Alcampo,4.75
358,Alcampo,4.85
359,Alcampo,4.99
360,Alcampo,6.75
361,Alcampo,6.95
362,Alcampo,7.09
363,Alcampo,7.60
364,Alcampo,7.98
365,Alcampo,32.25
366,Alcampo,33.08
367,Alcampo,33.74
368,Alcampo,37.85
369,Alcampo,37.90
370,Alcampo,39.75
371,Alcampo,6.75
372,Alcampo,6.95
373,Alcampo,7.09
374,Alcampo,7.60
375,Alcampo,7.98
376,Alcampo,32.25
377,Alcampo,33.08
378,Alcampo,33.74
379,Alcampo,37.85
380,Alcampo,37.90
381,Alcampo,39.75
382,Alcampo,7.42
383,Alcampo,7.75
384,Alcampo,7.90
385,Alcampo,8.06
386,Alcampo,8.14
387,Alcampo,8.55
388,Alcampo,8.05
389,Alcampo,8.85
390,Alcampo,8.93
391,Alcampo,8.95
392,Alcampo,9.11
393,Alcampo,9.18
394,Alcampo,9.64
395,Alcampo,6.48
396,Alcampo,7.59
397,Alcampo,7.60
398,Alcampo,7.70
399,Alcampo,7.74
400,Alcampo,7.75
401,Alcampo,8.09
402,Alcampo,40.06
403,Alcampo,43.25
404,Alcampo,43.83
405,Alcampo,44.40
406,Alcampo,45.29
407,Alcampo,45.66
408,Alcampo,47.95
409,Alcampo,7.54
410,Alcampo,7.59
411,Alcampo,7.69
412,Alcampo,8.08
413,Alcampo,8.49
414,Alcampo,7.54
415,Alcampo,7.59
416,Alcampo,7.69
417,Alcampo,8.08
418,Alcampo,8.49
419,Alcampo,9.51
420,Alcampo,9.70
421,Alcampo,34.95
422,Alcampo,37.85
423,Alcampo,38.99
424,Alcampo,39.75
425,Alcampo,39.75
426,Alcampo,17.97
427,Alcampo,21.40
428,Alcampo,21.83
429,Alcampo,22.48
430,Alcampo,6.18
431,Alcampo,6.30
432,Alcampo,10.46
433,Alcampo,10.67
434,Alcampo,10.99
435,Alcampo,6.18
436,Alcampo,47.60
437,Alcampo,48.55
438,Alcampo,49.99
439,Alcampo,33.32
440,Alcampo,33.99
441,Alcampo,53.32
442,Alcampo,6.18
443,Alcampo,6.30
444,Alcampo,18.08
445,Alcampo,18.44
446,Alcampo,6.99
447,Alcampo,7.59
448,Alcampo,7.64
449,Alcampo,8.15
450,Alcampo,9.08
451,Alcampo,6.99
452,Alcampo,7.59
453,Alcampo,7.64
454,Alcampo,8.15
455,Alcampo,9.08
456,Alcampo,9.54
457,Alcampo,9.84
458,Alcampo,52.37
459,Alcampo,53.42
460,Alcampo,54.27
461,Alcampo,55.36
462,Alcampo,8.64
463,Alcampo,8.81
464,Alcampo,4.98
465,Alcampo,5.18
466,Alcampo,5.50
467,Alcampo,11.41
468,Alcampo,11.64
469,Alcampo,57.13
470,Alcampo,58.27
471,Carrefour,6.99
472,Carrefour,8.85
473,Carrefour,9.29
474,Carrefour,9.48
475,Carrefour,10.49
476,Carrefour,8.89
477,Carrefour,9.07
478,Carrefour,9.51
479,Carrefour,9.55
480,Carrefour,32.95
481,Carrefour,33.95
482,Carrefour,34.45
483,Carrefour,36.75
484,Carrefour,47.40
485,Carrefour,50.20
486,Carrefour,51.20
487,Carrefour,55.43
488,Carrefour,10.69
489,Carrefour,10.95
490,Carrefour,11.39
491,Carrefour,11.85
492,Carrefour,12.09
493,Carrefour,13.23
494,Carrefour,6.62
495,Carrefour,6.95
496,Carrefour,6.95
497,Carrefour,7.09
498,Carrefour,7.60
499,Carrefour,7.98
500,Carrefour,32.45
501,Carrefour,33.09
502,Carrefour,35.95
503,Carrefour,37.86
504,Carrefour,37.90
505,Carrefour,37.95
506,Carrefour,39.75
507,Carrefour,10.29
508,Carrefour,10.99
509,Carrefour,11.21
510,Carrefour,11.85
511,Carrefour,11.86
512,Carrefour,12.45
513,Carrefour,13.45
514,Carrefour,6.99
515,Carrefour,8.85
516,Carrefour,9.29
517,Carrefour,9.48
518,Carrefour,10.49
519,Carrefour,32.45
520,Carrefour,33.79
521,Carrefour,34.25
522,Carrefour,37.45
523,Carrefour,37.75
524,Carrefour,39.45
525,Carrefour,46.30
526,Carrefour,47.20
527,Carrefour,47.23
528,Carrefour,47.24
529,Carrefour,48.20
530,Carrefour,49.60
531,Carrefour,10.69
532,Carrefour,10.95
533,Carrefour,11.39
534,Carrefour,11.85
535,Carrefour,12.09
536,Carrefour,12.95
537,Carrefour,13.32
538,Carrefour,13.99
539,Carrefour,32.95
540,Carrefour,33.95
541,Carrefour,34.45
542,Carrefour,36.75
543,Carrefour,47.40
544,Carrefour,48.80
545,Carrefour,49.78
546,Carrefour,53.81
547,Carrefour,20.90
548,Carrefour,22.10
549,Carrefour,24.19
550,Carrefour,10.69
551,Carrefour,10.95
552,Carrefour,11.39
553,Carrefour,11.85
554,Carrefour,12.09
555,Carrefour,13.32
556,Carrefour,6.62
557,Carrefour,6.95
558,Carrefour,6.95
559,Carrefour,7.09
560,Carrefour,7.60
561,Carrefour,7.98
562,Carrefour,32.45
563,Carrefour,33.09
564,Carrefour,35.95
565,Carrefour,37.86
566,Carrefour,37.90
567,Carrefour,37.95
568,Carrefour,39.75
569,Carrefour,37.90
570,Carrefour,40.20
571,Carrefour,41.00
572,Carrefour,42.57
573,Carrefour,44.70
574,Carrefour,10.29
575,Carrefour,10.99
576,Carrefour,11.21
577,Carrefour,11.85
578,Carrefour,11.86
579,Carrefour,12.45
580,Carrefour,13.45
581,Carrefour,32.45
582,Carrefour,33.79
583,Carrefour,34.25
584,Carrefour,37.45
585,Carrefour,37.75
586,Carrefour,46.30
587,Carrefour,47.20
588,Carrefour,47.23
589,Carrefour,47.24
590,Carrefour,48.20
591,Carrefour,37.95
592,Carrefour,38.05
593,Carrefour,38.71
594,Carrefour,39.95
595,Carrefour,11.95
596,Carrefour,11.99
597,Carrefour,12.39
598,Carrefour,12.65
599,Carrefour,12.69
600,Carrefour,12.90
601,Carrefour,14.24
602,Carrefour,39.95
603,Carrefour,46.00
604,Carrefour,48.30
605,Carrefour,50.95
606,Carrefour,53.30
607,Carrefour,54.37
608,Carrefour,7.75
609,Carrefour,7.90
610,Carrefour,8.06
611,Carrefour,8.25
612,Carrefour,8.51
613,Carrefour,8.94
614,Carrefour,37.13
615,Carrefour,37.45
616,Carrefour,39.00
617,Carrefour,39.95
618,Carrefour,40.50
619,Carrefour,41.67
620,Carrefour,43.75
621,Carrefour,30.84
622,Carrefour,3.79
623,Carrefour,4.15
624,Carrefour,4.19
625,Carrefour,4.23
626,Carrefour,4.24
627,Carrefour,4.25
628,Carrefour,14.19
629,Carrefour,14.59
630,Carrefour,14.88
631,Carrefour,15.23
632,Carrefour,9.48
633,Carrefour,9.49
634,Carrefour,9.95
635,Carrefour,10.15
636,Carrefour,12.49
637,Carrefour,12.99
638,Carrefour,13.25
639,Carrefour,13.75
640,Carrefour,13.76
641,Carrefour,13.79
642,Carrefour,13.35
643,Carrefour,13.59
644,Carrefour,14.28
645,Carrefour,14.55
646,Carrefour,14.57
647,Carrefour,12.79
648,Carrefour,12.81
649,Carrefour,13.45
650,Carrefour,12.49
651,Carrefour,13.15
652,Carrefour,13.41
653,Carrefour,13.71
654,Carrefour,14.39
655,Carrefour,39.75
656,Carrefour,42.75
657,Carrefour,43.95
658,Carrefour,44.83
659,Carrefour,44.89
660,Carrefour,2.85
661,Carrefour,2.91
662,Carrefour,12.99
663,Carrefour,13.20
664,Carrefour,13.79
665,Carrefour,13.80
666,Carrefour,14.08
667,Carrefour,15.19
668,Carrefour,15.95
669,Carrefour,4.19
670,Carrefour,4.55
671,Carrefour,4.59
672,Carrefour,4.62
673,Carrefour,4.64
674,Carrefour,4.85
675,Carrefour,40.95
676,Carrefour,42.95
677,Carrefour,56.00
678,Carrefour,56.60
679,Carrefour,57.12
680,Carrefour,58.30
681,Carrefour,60.00
682,Carrefour,63.00
683,Carrefour,8.85
684,Carrefour,8.93
685,Carrefour,9.11
686,Carrefour,9.18
687,Carrefour,9.64
688,Carrefour,5.65
689,Carrefour,5.67
690,Carrefour,5.95
691,Carrefour,6.07
692,Carrefour,7.59
693,Carrefour,7.70
694,Carrefour,7.74
695,Carrefour,7.75
696,Carrefour,8.09
697,Carrefour,43.26
698,Carrefour,44.40
699,Carrefour,45.67
700,Carrefour,2.90
701,Carrefour,2.99
702,Carrefour,3.05
703,Carrefour,3.13
704,Carrefour,3.15
705,Carrefour,3.29
706,Carrefour,12.49
707,Carrefour,12.99
708,Carrefour,13.25
709,Carrefour,13.75
710,Carrefour,13.76
711,Carrefour,13.79
712,Carrefour,38.95
713,Carrefour,41.75
714,Carrefour,51.40
715,Carrefour,52.90
716,Carrefour,53.00
717,Carrefour,53.96
718,Carrefour,57.62
719,Carrefour,57.70
720,Carrefour,7.99
721,Carrefour,9.39
722,Carrefour,10.29
723,Carrefour,10.50
724,Carrefour,10.62
725,Carrefour,11.39
726,Carrefour,13.35
727,Carrefour,13.59
728,Carrefour,14.28
729,Carrefour,14.55
730,Carrefour,14.57
731,Carrefour,43.95
732,Carrefour,56.29
733,Carrefour,56.30
734,Carrefour,57.43
735,Carrefour,12.33
736,Carrefour,12.35
737,Carrefour,13.35
738,Carrefour,13.62
739,Carrefour,28.50
740,Carrefour,28.52
741,Carrefour,30.20
742,Carrefour,30.80
743,Carrefour,7.29
744,Carrefour,7.99
745,Carrefour,8.15
746,Carrefour,7.29
747,Carrefour,7.99
748,Carrefour,8.15
749,Carrefour,7.29
750,Carrefour,7.99
751,Carrefour,8.15
752,Carrefour,7.29
753,Carrefour,7.65
754,Carrefour,7.99
755,Carrefour,8.15
756,Carrefour,51.33
757,Carrefour,52.36
758,Carrefour,7.29
759,Carrefour,7.99
760,Carrefour,8.15
761,Carrefour,51.38
762,Carrefour,51.40
763,Carrefour,51.43
764,Carrefour,54.50
765,Carrefour,55.59
766,Carrefour,12.33
767,Carrefour,12.35
768,Carrefour,13.35
769,Carrefour,13.62
770,Carrefour,7.29
771,Carrefour,7.65
772,Carrefour,7.99
773,Carrefour,8.15
774,Carrefour,10.33
775,Carrefour,10.85
776,Carrefour,10.89
777,Carrefour,11.15
778,Carrefour,11.37
779,Carrefour,10.83
780,Carrefour,10.89
781,Carrefour,10.90
782,Carrefour,11.45
783,Carrefour,14.15
784,Carrefour,14.89
785,Carrefour,15.19
786,Carrefour,32.10
787,Carrefour,32.14
788,Carrefour,33.75
789,Carrefour,37.30
790,Carrefour,38.05
791,Carrefour,6.95
792,Carrefour,7.69
793,Carrefour,7.75
794,Carrefour,7.76
795,Carrefour,7.84
796,Carrefour,6.84
797,Carrefour,6.85
798,Carrefour,7.55
799,Carrefour,7.70
800,Carrefour,13.99
801,Carrefour,15.09
802,Carrefour,15.13
803,Carrefour,15.25
804,Carrefour,15.33
805,Carrefour,15.39
806,Carrefour,15.49
807,Carrefour,16.09
808,Carrefour,16.35
809,Carrefour,16.39
810,Carrefour,16.85
811,Carrefour,15.79
812,Carrefour,15.80
813,Carrefour,16.11
814,Carrefour,10.85
815,Carrefour,11.32
816,Carrefour,11.39
817,Carrefour,11.65
818,Carrefour,11.88
819,Carrefour,11.89
820,Carrefour,12.09
821,Carrefour,12.55
822,Carrefour,12.65
823,Carrefour,12.69
824,Carrefour,12.80
825,Carrefour,10.49
826,Carrefour,11.09
827,Carrefour,11.19
828,Carrefour,11.31
829,Carrefour,11.35
830,Carrefour,11.75
831,Carrefour,13.65
832,Carrefour,13.92
833,Carrefour,14.19
834,Carrefour,14.59
835,Carrefour,15.23
836,Carrefour,9.48
837,Carrefour,9.49
838,Carrefour,9.95
839,Carrefour,10.15
840,Carrefour,12.49
841,Carrefour,12.99
842,Carrefour,13.25
843,Carrefour,13.75
844,Carrefour,13.76
845,Carrefour,13.79
846,Carrefour,13.35
847,Carrefour,13.59
848,Carrefour,14.28
849,Carrefour,14.55
850,Carrefour,14.57
851,Carrefour,10.89
852,Carrefour,11.59
853,Carrefour,11.75
854,Carrefour,11.80
855,Carrefour,11.82
856,Carrefour,12.49
857,Carrefour,12.99
858,Carrefour,13.25
859,Carrefour,13.75
860,Carrefour,13.76
861,Carrefour,13.79
862,Carrefour,13.35
863,Carrefour,13.70
864,Carrefour,13.79
865,Carrefour,14.19
866,Carrefour,14.47
867,Carrefour,15.57
868,Carrefour,13.23
869,Carrefour,13.25
870,Carrefour,13.89
871,Carrefour,13.90
872,Carrefour,14.18
873,Carrefour,14.24
874,Carrefour,14.73
875,Carrefour,14.95
876,Carrefour,15.23
877,Carrefour,15.99
878,Carrefour,41.50
879,Carrefour,44.95
880,Carrefour,56.70
881,Carrefour,58.40
882,Carrefour,59.57
883,Carrefour,60.48
884,Carrefour,63.50
885,Carrefour,10.89
886,Carrefour,10.94
887,Carrefour,11.29
888,Carrefour,11.69
889,Carrefour,11.92
890,Carrefour,12.09
891,Carrefour,12.59
892,Carrefour,12.81
893,Carrefour,12.84
894,Carrefour,7.59
895,Carrefour,7.79
896,Carrefour,7.95
897,Carrefour,8.33
898,Carrefour,8.75
899,Carrefour,12.62
900,Carrefour,12.65
901,Carrefour,12.85
902,Carrefour,13.09
903,Carrefour,13.35
904,Carrefour,14.19
905,Carrefour,14.59
906,Carrefour,14.88
907,Carrefour,15.23
908,Carrefour,9.48
909,Carrefour,9.49
910,Carrefour,9.95
911,Carrefour,10.15
912,Carrefour,17.15
913,Carrefour,17.23
914,Carrefour,18.55
915,Carrefour,18.92
916,Carrefour,12.49
917,Carrefour,13.15
918,Carrefour,13.41
919,Carrefour,13.71
920,Carrefour,10.29
921,Carrefour,10.33
922,Carrefour,10.50
923,Carrefour,48.86
924,Carrefour,48.90
925,Carrefour,49.88
926,Carrefour,4.09
927,Carrefour,4.17
928,Carrefour,6.84
929,Carrefour,6.85
930,Carrefour,7.55
931,Carrefour,7.70
932,Carrefour,13.35
933,Carrefour,13.59
934,Carrefour,14.28
935,Carrefour,14.55
936,Carrefour,14.57
937,Carrefour,6.84
938,Carrefour,6.85
939,Carrefour,7.18
940,Carrefour,7.55
941,Carrefour,7.70
942,Carrefour,11.19
943,Carrefour,11.41
944,Carrefour,9.51
945,Carrefour,9.55
946,Carrefour,9.74
947,Carrefour,3.79
948,Carrefour,4.19
949,Carrefour,4.24
950,Carrefour,4.25
951,Carrefour,4.34
952,Carrefour,4.45
953,Carrefour,11.29
954,Carrefour,11.99
955,Carrefour,12.23
956,Carrefour,12.81
957,Carrefour,13.29
958,Carrefour,35.95
959,Carrefour,38.95
960,Carrefour,38.99
961,Carrefour,40.95
962,Carrefour,49.00
963,Carrefour,50.50
964,Carrefour,51.51
965,Carrefour,56.86
966,Carrefour,56.90
967,Carrefour,58.70
968,Carrefour,59.70
969,Carrefour,4.99
970,Carrefour,5.09
971,Carrefour,5.19
972,Carrefour,5.25
973,Carrefour,3.45
974,Carrefour,3.69
975,Carrefour,2.45
976,Carrefour,11.15
977,Carrefour,2.55
978,Carrefour,3.59
979,Carrefour,7.75
980,Carrefour,5.69
981,Carrefour,9.45
982,Carrefour,5.99
983,Carrefour,6.89
984,Carrefour,3.65
985,Carrefour,2.09
986,Carrefour,2.99
987,Carrefour,2.59
988,Carrefour,1.50
989,Carrefour,3.85
990,Carrefour,5.45
991,Carrefour,1.46
992,Carrefour,4.19
993,Carrefour,4.25
994,Carrefour,4.29
995,Carrefour,4.49
996,Carrefour,2.59
997,Carrefour,2.19
998,Carrefour,2.95
999,Carrefour,2.75
1000,Carrefour,3.45
1001,Carrefour,4.45
1002,Carrefour,5.69
1003,Carrefour,6.15
1004,Carrefour,6.45
1005,Carrefour,1.91
1006,Carrefour,1.91
1007,Dia,7.37
1008,Dia,8.06
1009,Dia,8.51
1010,Dia,9.07
1011,Dia,10.69
1012,Dia,11.86
1013,Dia,12.33
1014,Dia,12.95
1015,Dia,6.75
1016,Dia,6.95
1017,Dia,7.09
1018,Dia,7.62
1019,Dia,8.00
1020,Dia,19.95
1021,Dia,20.67
1022,Dia,21.08
1023,Dia,22.76
1024,Dia,34.45
1025,Dia,35.14
1026,Dia,37.76
1027,Dia,39.65
1028,Dia,22.76
1029,Dia,23.90
1030,Dia,8.69
1031,Dia,8.86
1032,Dia,8.94
1033,Dia,9.39
1034,Dia,7.37
1035,Dia,8.06
1036,Dia,8.51
1037,Dia,9.07
1038,Dia,10.69
1039,Dia,11.86
1040,Dia,12.33
1041,Dia,6.75
1042,Dia,6.95
1043,Dia,7.09
1044,Dia,7.62
1045,Dia,8.00
1046,Dia,19.95
1047,Dia,20.67
1048,Dia,21.08
1049,Dia,22.76
1050,Dia,34.45
1051,Dia,35.14
1052,Dia,37.76
1053,Dia,39.65
1054,Dia,22.76
1055,Dia,7.69
1056,Dia,9.89
1057,Dia,10.99
1058,Dia,11.86
1059,Dia,12.45
1060,Dia,8.69
1061,Dia,8.86
1062,Dia,8.94
1063,Dia,9.39
1064,Dia,10.15
1065,Dia,10.36
1066,Dia,10.49
1067,Dia,10.70
1068,Dia,13.81
1069,Dia,14.50
1070,Dia,2.85
1071,Dia,2.99
1072,Dia,3.79
1073,Dia,3.80
1074,Dia,3.99
1075,Dia,3.79
1076,Dia,3.80
1077,Dia,3.99
1078,Dia,8.97
1079,Dia,13.80
1080,Dia,14.49
1081,Dia,10.37
1082,Dia,10.58
1083,Dia,10.89
1084,Dia,4.18
1085,Dia,4.26
1086,Dia,4.39
1087,Dia,11.86
1088,Dia,12.45
1089,Dia,33.29
1090,Dia,34.95
1091,Dia,7.61
1092,Dia,7.76
1093,Dia,7.99
1094,Dia,13.90
1095,Dia,14.28
1096,Dia,14.99
1097,Dia,7.57
1098,Dia,7.59
1099,Dia,7.72
1100,Dia,7.95
1101,Dia,9.74
1102,Dia,11.42
1103,Dia,12.99
1104,Dia,14.28
1105,Dia,14.99
1106,Dia,12.37
1107,Dia,12.62
1108,Dia,12.99
1109,Dia,3.80
1110,Dia,3.88
1111,Dia,3.99
1112,Dia,8.85
1113,Dia,8.95
1114,Dia,8.99
1115,Dia,9.13
1116,Dia,9.19
1117,Dia,9.65
1118,Dia,7.65
1119,Dia,7.75
1120,Dia,7.89
1121,Dia,8.49
1122,Dia,26.25
1123,Dia,26.73
1124,Dia,26.85
1125,Dia,27.26
1126,Dia,27.51
1127,Dia,28.89
1128,Dia,4.28
1129,Dia,4.37
1130,Dia,4.49
1131,Dia,7.75
1132,Dia,7.89
1133,Dia,8.05
1134,Dia,8.30
1135,Dia,8.52
1136,Dia,8.95
1137,Dia,22.95
1138,Dia,23.49
1139,Dia,23.96
1140,Dia,24.79
1141,Dia,25.43
1142,Dia,26.70
1143,Dia,4.99
1144,Dia,5.04
1145,Dia,5.09
1146,Dia,5.29
1147,Dia,5.09
1148,Dia,5.19
1149,Dia,5.42
1150,Dia,5.69
1151,Dia,13.29
1152,Dia,13.95
1153,Dia,2.15
1154,Eroski,4.99
1155,Eroski,5.65
1156,Eroski,2.15
1157,Eroski,2.20
1158,Eroski,2.25
1159,Eroski,7.95
1160,Eroski,8.56
1161,Eroski,11.85
1162,Eroski,11.86
1163,Eroski,11.89
1164,Eroski,11.99
1165,Eroski,12.33
1166,Eroski,12.95
1167,Eroski,12.96
1168,Eroski,20.95
1169,Eroski,21.95
1170,Eroski,24.28
1171,Eroski,25.49
1172,Eroski,28.53
1173,Eroski,29.10
1174,Eroski,33.29
1175,Eroski,34.50
1176,Eroski,34.95
1177,Eroski,39.32
1178,Eroski,39.51
1179,Eroski,39.95
1180,Eroski,41.29
1181,Eroski,47.38
1182,Eroski,48.33
1183,Eroski,55.19
1184,Eroski,49.59
1185,Eroski,50.43
1186,Eroski,51.44
1187,Eroski,56.52
1188,Eroski,59.35
1189,Eroski,6.18
1190,Eroski,7.99
1191,Eroski,8.56
1192,Eroski,8.73
1193,Eroski,8.99
1194,Eroski,6.85
1195,Eroski,7.09
1196,Eroski,7.23
1197,Eroski,7.71
1198,Eroski,8.10
1199,Eroski,6.86
1200,Eroski,11.86
1201,Eroski,12.37
1202,Eroski,12.45
1203,Eroski,12.62
1204,Eroski,7.29
1205,Eroski,7.80
1206,Eroski,8.85
1207,Eroski,9.03
1208,Eroski,9.99
1209,Eroski,10.49
1210,Eroski,6.75
1211,Eroski,6.95
1212,Eroski,7.09
1213,Eroski,7.62
1214,Eroski,8.00
1215,Eroski,8.59
1216,Eroski,8.76
1217,Eroski,8.99
1218,Eroski,10.37
1219,Eroski,10.89
1220,Eroski,7.29
1221,Eroski,7.80
1222,Eroski,8.85
1223,Eroski,9.03
1224,Eroski,9.29
1225,Eroski,45.39
1226,Eroski,6.85
1227,Eroski,7.09
1228,Eroski,7.23
1229,Eroski,7.71
1230,Eroski,8.10
1231,Eroski,7.85
1232,Eroski,7.86
1233,Eroski,8.25
1234,Eroski,8.89
1235,Eroski,10.99
1236,Eroski,11.85
1237,Eroski,11.86
1238,Eroski,11.99
1239,Eroski,12.10
1240,Eroski,12.23
1241,Eroski,12.33
1242,Eroski,12.37
1243,Eroski,6.75
1244,Eroski,6.95
1245,Eroski,7.09
1246,Eroski,7.62
1247,Eroski,8.00
1248,Eroski,8.59
1249,Eroski,8.76
1250,Eroski,8.99
1251,Eroski,10.37
1252,Eroski,10.89
1253,Eroski,7.29
1254,Eroski,7.80
1255,Eroski,8.85
1256,Eroski,9.03
1257,Eroski,9.29
1258,Eroski,7.59
1259,Eroski,8.28
1260,Eroski,11.49
1261,Eroski,11.72
1262,Eroski,12.37
1263,Eroski,12.99
1264,Eroski,6.86
1265,Eroski,11.86
1266,Eroski,12.37
1267,Eroski,12.45
1268,Eroski,12.62
1269,Eroski,3.79
1270,Eroski,3.85
1271,Eroski,3.93
1272,Eroski,4.28
1273,Eroski,10.69
1274,Eroski,11.85
1275,Eroski,11.86
1276,Eroski,11.89
1277,Eroski,11.99
1278,Eroski,12.33
1279,Eroski,12.95
1280,Eroski,32.25
1281,Eroski,33.99
1282,Eroski,34.67
1283,Eroski,37.95
1284,Eroski,39.85
1285,Eroski,7.85
1286,Eroski,7.86
1287,Eroski,8.25
1288,Eroski,8.89
1289,Eroski,10.99
1290,Eroski,11.86
1291,Eroski,12.10
1292,Eroski,12.33
1293,Eroski,13.32
1294,Eroski,7.59
1295,Eroski,8.28
1296,Eroski,11.49
1297,Eroski,11.72
1298,Eroski,12.37
1299,Eroski,12.99
1300,Eroski,32.25
1301,Eroski,33.99
1302,Eroski,34.67
1303,Eroski,37.95
1304,Eroski,39.85
1305,Eroski,21.84
1306,Eroski,26.49
1307,Eroski,27.02
1308,Eroski,29.86
1309,Eroski,31.35
1310,Eroski,7.29
1311,Eroski,7.80
1312,Eroski,8.85
1313,Eroski,9.03
1314,Eroski,9.99
1315,Eroski,10.49
1316,Eroski,21.84
1317,Eroski,21.89
1318,Eroski,26.49
1319,Eroski,27.02
1320,Eroski,29.86
1321,Eroski,31.35
1322,Eroski,9.48
1323,Eroski,9.95
1324,Eroski,13.25
1325,Eroski,13.90
1326,Eroski,14.18
1327,Eroski,14.28
1328,Eroski,14.99
1329,Eroski,15.13
1330,Eroski,8.49
1331,Eroski,8.95
1332,Eroski,10.37
1333,Eroski,10.58
1334,Eroski,10.89
1335,Eroski,7.25
1336,Eroski,4.75
1337,Eroski,6.99
1338,Eroski,7.25
1339,Eroski,7.40
1340,Eroski,7.61
1341,Eroski,7.99
1342,Eroski,8.55
1343,Eroski,8.99
1344,Eroski,12.62
1345,Eroski,12.65
1346,Eroski,12.87
1347,Eroski,13.29
1348,Eroski,13.95
1349,Eroski,24.49
1350,Eroski,32.33
1351,Eroski,33.99
1352,Eroski,36.18
1353,Eroski,37.99
1354,Eroski,8.48
1355,Eroski,8.90
1356,Eroski,11.29
1357,Eroski,11.99
1358,Eroski,12.81
1359,Eroski,13.07
1360,Eroski,13.80
1361,Eroski,14.49
1362,Eroski,22.45
1363,Eroski,25.95
1364,Eroski,26.90
1365,Eroski,26.97
1366,Eroski,27.51
1367,Eroski,27.59
1368,Eroski,28.06
1369,Eroski,28.56
1370,Eroski,8.56
1371,Eroski,2.99
1372,Eroski,3.13
1373,Eroski,3.80
1374,Eroski,3.88
1375,Eroski,4.18
1376,Eroski,4.39
1377,Eroski,2.99
1378,Eroski,3.80
1379,Eroski,3.88
1380,Eroski,10.00
1381,Eroski,11.67
1382,Eroski,12.37
1383,Eroski,12.62
1384,Eroski,12.99
1385,Eroski,10.99
1386,Eroski,11.42
1387,Eroski,5.63
1388,Eroski,5.89
1389,Eroski,8.38
1390,Eroski,8.55
1391,Eroski,15.19
1392,Eroski,6.49
1393,Eroski,7.61
1394,Eroski,7.76
1395,Eroski,7.99
1396,Eroski,7.57
1397,Eroski,7.95
1398,Eroski,6.49
1399,Eroski,7.57
1400,Eroski,14.24
1401,Eroski,9.15
1402,Eroski,13.80
1403,Eroski,14.18
1404,Eroski,14.89
1405,Eroski,3.33
1406,Eroski,3.50
1407,Eroski,3.85
1408,Eroski,3.99
1409,Eroski,4.07
1410,Eroski,34.24
1411,Eroski,37.13
1412,Eroski,3.49
1413,Eroski,4.18
1414,Eroski,4.26
1415,Eroski,4.39
1416,Eroski,7.51
1417,Eroski,8.89
1418,Eroski,9.32
1419,Eroski,10.43
1420,Eroski,10.64
1421,Eroski,14.18
1422,Eroski,14.89
1423,Eroski,2.49
1424,Eroski,2.66
1425,Eroski,2.85
1426,Eroski,3.59
1427,Eroski,3.80
1428,Eroski,4.05
1429,Eroski,4.13
1430,Eroski,4.49
1431,Eroski,8.10
1432,Eroski,12.99
1433,Eroski,13.76
1434,Eroski,14.04
1435,Eroski,14.28
1436,Eroski,14.99
1437,Eroski,7.86
1438,Eroski,11.32
1439,Eroski,15.19
1440,Eroski,9.99
1441,Eroski,10.71
1442,Eroski,11.42
1443,Eroski,11.65
1444,Eroski,11.88
1445,Eroski,11.42
1446,Eroski,11.99
1447,Eroski,11.32
1448,Eroski,7.89
1449,Eroski,8.05
1450,Eroski,9.04
1451,Eroski,9.49
1452,Eroski,8.85
1453,Eroski,8.95
1454,Eroski,9.13
1455,Eroski,9.19
1456,Eroski,9.65
1457,Eroski,9.95
1458,Eroski,7.60
1459,Eroski,7.71
1460,Eroski,7.75
1461,Eroski,8.10
1462,Eroski,25.95
1463,Eroski,26.59
1464,Eroski,26.70
1465,Eroski,27.23
1466,Eroski,27.43
1467,Eroski,28.80
1468,Eroski,8.52
1469,Eroski,2.99
1470,Eroski,3.13
1471,Eroski,3.80
1472,Eroski,3.88
1473,Eroski,4.28
1474,Eroski,4.49
1475,Eroski,13.25
1476,Eroski,13.89
1477,Eroski,13.90
1478,Eroski,14.24
1479,Eroski,14.95
1480,Eroski,26.95
1481,Eroski,34.28
1482,Eroski,34.97
1483,Eroski,37.04
1484,Eroski,38.89
1485,Eroski,56.66
1486,Eroski,57.79
1487,Eroski,61.51
1488,Eroski,64.59
1489,Eroski,10.35
1490,Eroski,12.99
1491,Eroski,13.80
1492,Eroski,13.85
1493,Eroski,14.18
1494,Eroski,14.89
1495,Eroski,15.13
1496,Eroski,6.69
1497,Eroski,9.51
1498,Eroski,8.29
1499,Eroski,9.80
1500,Eroski,9.99
1501,Eroski,10.00
1502,Eroski,10.47
1503,Eroski,10.99
1504,Eroski,7.80
1505,Eroski,7.89
1506,Eroski,8.39
1507,Eroski,8.43
1508,Eroski,9.50
1509,Eroski,9.69
1510,Eroski,9.99
1511,Eroski,10.95
1512,Eroski,41.95
1513,Eroski,42.81
1514,Eroski,44.95
1515,Eroski,47.57
1516,Eroski,48.52
1517,Eroski,51.86
1518,Eroski,13.49
1519,Eroski,26.70
1520,Eroski,32.52
1521,Eroski,33.17
1522,Eroski,34.15
1523,Eroski,3.00
1524,Eroski,11.70
1525,Eroski,11.93
1526,Eroski,12.29
1527,Eroski,12.37
1528,Eroski,9.51
1529,Eroski,9.70
1530,Eroski,9.99
1531,Eroski,2.99
1532,Eroski,3.13
1533,Eroski,3.80
1534,Eroski,3.85
1535,Eroski,3.93
1536,Eroski,4.18
1537,Eroski,4.39
1538,Eroski,9.51
1539,Eroski,9.59
1540,Eroski,9.70
1541,Eroski,11.70
1542,Eroski,12.29
1543,Eroski,8.99
1544,Eroski,9.03
1545,Eroski,9.17
1546,Eroski,9.80
1547,Eroski,10.29
1548,Eroski,9.39
1549,Eroski,9.48
1550,Eroski,9.58
1551,Eroski,9.95
1552,Eroski,7.79
1553,Eroski,7.80
1554,Eroski,8.49
1555,Eroski,8.66
1556,Eroski,8.95
1557,Eroski,9.09
1558,Eroski,4.29
1559,Eroski,4.66
1560,Eroski,4.75
1561,Eroski,4.99
1562,Eroski,7.75
1563,Eroski,7.90
1564,Eroski,8.06
1565,Eroski,8.30
1566,Eroski,8.52
1567,Eroski,8.95
1568,Eroski,37.50
1569,Eroski,38.95
1570,Eroski,39.73
1571,Eroski,40.95
1572,Eroski,41.70
1573,Eroski,43.79
1574,Eroski,7.69
1575,Eroski,8.99
1576,Eroski,9.51
1577,Eroski,9.70
1578,Eroski,9.99
1579,Eroski,4.28
1580,Eroski,12.37
1581,Eroski,10.99
1582,Eroski,11.32
1583,Eroski,2.99
1584,Eroski,3.80
1585,Eroski,3.88
1586,Eroski,10.89
1587,Eroski,11.32
1588,Eroski,4.66
1589,Eroski,4.89
1590,Eroski,1.89
1591,Eroski,2.49
1592,Eroski,2.55
1593,Eroski,2.99
1594,Eroski,4.00
1595,Eroski,4.10
1596,Eroski,4.28
1597,Eroski,9.19
1598,Eroski,9.99
1599,Eroski,10.49
1600,Eroski,7.48
1601,Eroski,7.85
1602,Eroski,6.69
1603,Eroski,6.82
1604,Eroski,8.56
1605,Eroski,8.99
1606,Eroski,9.48
1607,Eroski,9.99
1608,Eroski,10.71
1609,Eroski,9.48
1610,Eroski,10.89
1611,Eroski,12.99
1612,Eroski,13.76
1613,Eroski,14.04
1614,Eroski,14.28
1615,Eroski,14.45
1616,Eroski,9.59
1617,Eroski,9.78
1618,Eroski,11.42
1619,Eroski,11.99
1620,Eroski,7.80
1621,Eroski,9.99
1622,Eroski,8.09
1623,Eroski,8.25
1624,Eroski,8.49
1625,Eroski,19.00
1626,Eroski,9.48
1627,Eroski,9.49
1628,Eroski,10.89
1629,Eroski,12.99
1630,Eroski,13.76
1631,Eroski,14.04
1632,Eroski,14.28
1633,Eroski,14.45
1634,Eroski,14.75
1635,Eroski,12.37
1636,Eroski,8.79
1637,Eroski,8.97
1638,Eroski,9.19
1639,Eroski,9.25
1640,Eroski,9.65
1641,Eroski,9.48
1642,Eroski,10.89
1643,Eroski,12.99
1644,Eroski,13.76
1645,Eroski,14.04
1646,Eroski,14.28
1647,Eroski,14.45
1648,Eroski,14.99
1649,Eroski,8.99
1650,Eroski,10.14
1651,Eroski,10.34
1652,Eroski,10.65
1653,Eroski,3.80
1654,Eroski,3.99
1655,Eroski,1.89
1656,Eroski,2.49
1657,Eroski,2.55
1658,Hipercor,14.94
1659,Hipercor,14.94
1660,Hipercor,6.95
1661,Hipercor,7.65
1662,Hipercor,7.66
1663,Hipercor,7.80
1664,Hipercor,8.35
1665,Hipercor,9.40
1666,Hipercor,34.70
1667,Hipercor,38.12
1668,Hipercor,38.20
1669,Hipercor,38.96
1670,Hipercor,41.70
1671,Hipercor,46.95
1672,Hipercor,6.95
1673,Hipercor,7.65
1674,Hipercor,7.66
1675,Hipercor,7.80
1676,Hipercor,8.35
1677,Hipercor,9.40
1678,Hipercor,34.70
1679,Hipercor,38.12
1680,Hipercor,38.20
1681,Hipercor,38.96
1682,Hipercor,41.70
1683,Hipercor,46.95
1684,Hipercor,8.55
1685,Hipercor,8.95
1686,Hipercor,9.06
1687,Hipercor,9.12
1688,Hipercor,9.65
1689,Hipercor,10.30
1690,Hipercor,7.95
1691,Hipercor,8.65
1692,Hipercor,8.66
1693,Hipercor,8.82
1694,Hipercor,9.35
1695,Hipercor,9.90
1696,Hipercor,6.40
1697,Hipercor,6.60
1698,Hipercor,6.73
1699,Hipercor,6.80
1700,Hipercor,7.45
1701,Hipercor,39.70
1702,Hipercor,43.20
1703,Hipercor,43.28
1704,Hipercor,44.06
1705,Hipercor,46.70
1706,Hipercor,49.45
1707,Hipercor,8.55
1708,Hipercor,8.95
1709,Hipercor,9.06
1710,Hipercor,9.12
1711,Hipercor,9.65
1712,Hipercor,10.30
1713,Hipercor,8.55
1714,Hipercor,8.95
1715,Hipercor,9.06
1716,Hipercor,9.12
1717,Hipercor,9.65
1718,Hipercor,10.30
1719,Hipercor,8.55
1720,Hipercor,8.95
1721,Hipercor,9.06
1722,Hipercor,9.12
1723,Hipercor,9.65
1724,Hipercor,10.30
1725,Hipercor,7.30
1726,Hipercor,7.31
1727,Hipercor,7.45
1728,Hipercor,7.48
1729,Hipercor,7.85
1730,Hipercor,18.46
1731,Hipercor,17.10
1732,Hipercor,17.44
1733,Hipercor,7.86
1734,Hipercor,8.01
1735,Hipercor,3.42
1736,Hipercor,3.48
1737,Hipercor,6.48
1738,Hipercor,6.60
1739,Hipercor,10.75
1740,Hipercor,10.96
1741,Hipercor,8.00
1742,Hipercor,8.19
1743,Hipercor,12.00
1744,Hipercor,12.28
1745,Hipercor,8.51
1746,Hipercor,8.68
1747,Hipercor,4.92
1748,Hipercor,5.01
1749,Hipercor,14.52
1750,Hipercor,14.81
1751,Hipercor,11.45
1752,Hipercor,11.67
1753,Hipercor,12.33
1754,Hipercor,12.33
1755,Hipercor,12.57
1756,Hipercor,9.23
1757,Hipercor,9.41
1758,Hipercor,57.10
1759,Hipercor,58.24
1760,Hipercor,55.81
1761,Hipercor,56.92
1762,Hipercor,11.38
1763,Hipercor,11.60
1764,Hipercor,11.67
1765,Hipercor,11.90
1766,Hipercor,55.81
1767,Hipercor,56.92
1768,Hipercor,12.37
1769,Hipercor,12.61
1770,Hipercor,8.43
1771,Hipercor,8.59
1772,Hipercor,14.24
1773,Hipercor,14.52
1774,Hipercor,8.81
1775,Hipercor,8.98
1776,Hipercor,12.37
1777,Hipercor,12.61
1778,Hipercor,12.37
1779,Hipercor,12.61
1780,Hipercor,8.43
1781,Hipercor,8.59
1782,Hipercor,8.43
1783,Hipercor,8.59
1784,Hipercor,3.29
1785,Hipercor,10.69
1786,Hipercor,11.86
1787,Hipercor,12.09
1788,Hipercor,12.33
1789,Hipercor,8.06
1790,Hipercor,8.15
1791,Hipercor,10.49
1792,Hipercor,10.69
1793,Hipercor,11.86
1794,Hipercor,12.37
1795,Hipercor,8.06
1796,Hipercor,8.15
1797,Hipercor,10.49
1798,Hipercor,10.69
1799,Hipercor,11.86
1800,Hipercor,12.37
1801,Hipercor,12.99
1802,Hipercor,6.49
1803,Hipercor,6.65
1804,Hipercor,6.66
1805,Hipercor,6.78
1806,Hipercor,6.95
1807,Hipercor,8.05
1808,Hipercor,9.23
1809,Hipercor,9.48
1810,Hipercor,9.95
1811,Hipercor,20.45
1812,Hipercor,21.12
1813,Hipercor,22.49
1814,Hipercor,22.85
1815,Hipercor,23.49
1816,Hipercor,23.99
1817,Hipercor,25.46
1818,Hipercor,25.96
1819,Hipercor,28.54
1820,Hipercor,33.29
1821,Hipercor,32.25
1822,Hipercor,32.89
1823,Hipercor,32.99
1824,Hipercor,34.59
1825,Hipercor,37.45
1826,Hipercor,38.09
1827,Hipercor,42.95
1828,Hipercor,47.38
1829,Hipercor,55.20
1830,Hipercor,57.96
1831,Hipercor,43.84
1832,Hipercor,44.71
1833,Hipercor,56.52
1834,Hipercor,2.85
1835,Hipercor,3.35
1836,Hipercor,3.40
1837,Hipercor,4.03
1838,Hipercor,4.11
1839,Hipercor,14.19
1840,Hipercor,14.75
1841,Hipercor,15.04
1842,Hipercor,16.14
1843,Hipercor,16.25
1844,Hipercor,16.65
1845,Hipercor,18.59
1846,Hipercor,20.91
1847,Hipercor,11.95
1848,Hipercor,12.62
1849,Hipercor,12.87
1850,Hipercor,13.29
1851,Hipercor,13.25
1852,Hipercor,13.90
1853,Hipercor,14.17
1854,Hipercor,14.28
1855,Hipercor,15.23
1856,Hipercor,13.25
1857,Hipercor,13.90
1858,Hipercor,14.17
1859,Hipercor,14.28
1860,Hipercor,14.99
1861,Hipercor,15.23
1862,Hipercor,13.25
1863,Hipercor,13.90
1864,Hipercor,14.17
1865,Hipercor,14.28
1866,Hipercor,15.23
1867,Hipercor,8.89
1868,Hipercor,9.15
1869,Hipercor,12.74
1870,Hipercor,12.99
1871,Hipercor,13.80
1872,Hipercor,14.18
1873,Hipercor,14.89
1874,Hipercor,9.48
1875,Hipercor,9.63
1876,Hipercor,9.85
1877,Hipercor,10.25
1878,Hipercor,11.61
1879,Hipercor,11.84
1880,Hipercor,3.29
1881,Hipercor,3.32
1882,Hipercor,3.40
1883,Hipercor,3.75
1884,Hipercor,3.82
1885,Hipercor,4.27
1886,Hipercor,4.35
1887,Hipercor,41.15
1888,Hipercor,42.99
1889,Hipercor,44.73
1890,Hipercor,45.23
1891,Hipercor,46.50
1892,Hipercor,47.49
1893,Hipercor,51.75
1894,Hipercor,52.78
1895,Hipercor,56.62
1896,Hipercor,62.81
1897,Hipercor,65.79
1898,Hipercor,6.82
1899,Hipercor,6.95
1900,Hipercor,7.23
1901,Hipercor,7.88
1902,Hipercor,24.95
1903,Hipercor,24.99
1904,Hipercor,26.62
1905,Hipercor,31.45
1906,Hipercor,32.34
1907,Hipercor,33.95
1908,Hipercor,37.67
1909,Hipercor,39.52
1910,Hipercor,39.95
1911,Hipercor,41.85
1912,Hipercor,42.37
1913,Hipercor,49.98
1914,Hipercor,50.97
1915,Hipercor,53.29
1916,Hipercor,60.90
1917,Hipercor,9.25
1918,Hipercor,9.43
1919,Hipercor,9.45
1920,Hipercor,11.61
1921,Hipercor,11.84
1922,Hipercor,3.95
1923,Hipercor,4.02
1924,Hipercor,6.62
1925,Hipercor,7.61
1926,Hipercor,7.76
1927,Hipercor,9.25
1928,Hipercor,9.43
1929,Hipercor,9.45
1930,Hipercor,11.19
1931,Hipercor,11.41
1932,Hipercor,9.25
1933,Hipercor,9.43
1934,Hipercor,9.45
1935,Hipercor,11.61
1936,Hipercor,11.84
1937,Hipercor,7.61
1938,Hipercor,8.49
1939,Hipercor,10.43
1940,Hipercor,10.63
1941,Hipercor,9.59
1942,Hipercor,9.67
1943,Hipercor,10.45
1944,Hipercor,11.61
1945,Hipercor,11.84
1946,Hipercor,10.71
1947,Hipercor,10.92
1948,Hipercor,10.71
1949,Hipercor,10.92
1950,Hipercor,18.28
1951,Hipercor,18.60
1952,Hipercor,18.64
1953,Hipercor,10.42
1954,Hipercor,10.62
1955,Hipercor,10.69
1956,Hipercor,6.15
1957,Hipercor,6.27
1958,Hipercor,7.27
1959,Hipercor,22.35
1960,Hipercor,24.66
1961,Hipercor,45.75
1962,Hipercor,46.66
1963,Hipercor,51.68
1964,Hipercor,10.08
1965,Hipercor,10.28
1966,Hipercor,10.29
1967,Hipercor,10.44
1968,Hipercor,10.99
1969,Hipercor,11.86
1970,Hipercor,12.45
1971,Hipercor,10.08
1972,Hipercor,10.28
1973,Hipercor,10.29
1974,Hipercor,10.49
1975,Hipercor,10.99
1976,Hipercor,11.86
1977,Hipercor,12.45
1978,Hipercor,12.49
1979,Hipercor,12.99
1980,Hipercor,13.76
1981,Hipercor,14.45
1982,Hipercor,11.99
1983,Hipercor,12.89
1984,Hipercor,13.29
1985,Hipercor,13.99
1986,Hipercor,14.27
1987,Hipercor,15.48
1988,Hipercor,37.95
1989,Hipercor,37.99
1990,Hipercor,39.90
1991,Hipercor,39.99
1992,Hipercor,41.67
1993,Hipercor,41.99
1994,Hipercor,43.75
1995,Hipercor,51.39
1996,Hipercor,52.42
1997,Hipercor,56.00
1998,Hipercor,12.49
1999,Hipercor,12.99
2000,Hipercor,13.76
2001,Hipercor,14.45
2002,Hipercor,12.59
2003,Hipercor,12.85
2004,Hipercor,13.10
2005,Hipercor,13.29
2006,Hipercor,14.11
2007,Hipercor,14.82
2008,Hipercor,12.49
2009,Hipercor,12.99
2010,Hipercor,13.76
2011,Hipercor,14.45
2012,Hipercor,6.49
2013,Hipercor,11.29
2014,Hipercor,11.99
2015,Hipercor,12.81
2016,Hipercor,23.95
2017,Hipercor,24.42
2018,Hipercor,29.99
2019,Hipercor,30.47
2020,Hipercor,30.59
2021,Hipercor,31.20
2022,Hipercor,31.99
2023,Hipercor,35.95
2024,Hipercor,37.99
2025,Hipercor,40.90
2026,Hipercor,40.95
2027,Hipercor,48.99
2028,Hipercor,49.97
2029,Hipercor,55.50
2030,Hipercor,49.99
2031,Hipercor,50.94
2032,Hipercor,50.99
2033,Hipercor,7.99
2034,Hipercor,9.29
2035,Hipercor,10.71
2036,Hipercor,16.71
2037,Hipercor,17.04
2038,Hipercor,11.86
2039,Hipercor,12.09
2040,Hipercor,41.38
2041,Hipercor,42.20
2042,Hipercor,55.52
2043,Hipercor,56.63
2044,Hipercor,1.75
2045,Hipercor,1.75
2046,Hipercor,6.75
2047,Hipercor,6.95
2048,Hipercor,7.06
2049,Hipercor,7.08
2050,Hipercor,7.62
2051,Hipercor,8.00
2052,Hipercor,32.25
2053,Hipercor,33.10
2054,Hipercor,33.76
2055,Hipercor,37.93
2056,Hipercor,39.83
2057,Hipercor,7.25
2058,Hipercor,7.95
2059,Hipercor,8.35
2060,Hipercor,8.51
2061,Hipercor,9.00
2062,Hipercor,35.95
2063,Hipercor,38.95
2064,Hipercor,41.75
2065,Hipercor,42.58
2066,Hipercor,44.76
2067,Hipercor,6.75
2068,Hipercor,6.95
2069,Hipercor,7.08
2070,Hipercor,7.09
2071,Hipercor,7.62
2072,Hipercor,8.00
2073,Hipercor,32.25
2074,Hipercor,33.10
2075,Hipercor,33.76
2076,Hipercor,37.93
2077,Hipercor,39.83
2078,Hipercor,7.25
2079,Hipercor,7.95
2080,Hipercor,8.35
2081,Hipercor,8.51
2082,Hipercor,9.00
2083,Hipercor,9.45
2084,Hipercor,35.95
2085,Hipercor,38.95
2086,Hipercor,41.75
2087,Hipercor,42.58
2088,Hipercor,44.76
2089,Hipercor,7.75
2090,Hipercor,7.90
2091,Hipercor,8.05
2092,Hipercor,8.30
2093,Hipercor,8.52
2094,Hipercor,8.95
2095,Hipercor,8.95
2096,Hipercor,9.12
2097,Hipercor,9.19
2098,Hipercor,9.65
2099,Hipercor,7.60
2100,Hipercor,7.71
2101,Hipercor,7.75
2102,Hipercor,44.50
2103,Hipercor,45.39
2104,Hipercor,45.71
2105,Hipercor,9.15
2106,Hipercor,9.33
2107,Hipercor,9.43
2108,Hipercor,9.90
2109,Hipercor,45.50
2110,Hipercor,46.41
2111,Hipercor,46.90
2112,Hipercor,49.25
2113,Hipercor,3.06
2114,Hipercor,3.14
2115,Hipercor,3.20
2116,Hipercor,37.50
2117,Hipercor,39.00
2118,Hipercor,39.78
2119,Hipercor,40.50
2120,Hipercor,41.76
2121,Hipercor,8.14
2122,Hipercor,8.55
2123,Hipercor,8.72
2124,Hipercor,10.43
2125,Hipercor,10.63
2126,Hipercor,52.95
2127,Hipercor,54.95
2128,Hipercor,61.86
2129,Hipercor,63.09
2130,Hipercor,64.95
2131,Hipercor,8.56
2132,Hipercor,8.73
2133,Hipercor,13.29
2134,Hipercor,13.55
2135,Hipercor,7.14
2136,Hipercor,7.28
2137,Hipercor,24.72
2138,Hipercor,25.21
2139,Hipercor,14.25
2140,Hipercor,14.53
2141,Hipercor,17.81
2142,Hipercor,24.25
2143,Hipercor,24.73
2144,Hipercor,19.00
2145,Hipercor,19.38
2146,Hipercor,4.71
2147,Hipercor,4.80
2148,Hipercor,19.95
2149,Hipercor,22.67
2150,Hipercor,23.12
2151,Hipercor,12.70
2152,Hipercor,12.97
2153,Hipercor,13.24
2154,Hipercor,11.59
2155,Hipercor,12.86
2156,Hipercor,12.70
2157,Hipercor,12.95
2158,Hipercor,13.22
2159,Hipercor,13.24
2160,Hipercor,13.50
2161,Hipercor,49.95
2162,Hipercor,54.50
2163,Hipercor,55.59
2164,Hipercor,11.59
2165,Hipercor,12.86
2166,Hipercor,13.11
2167,Hipercor,33.59
2168,Hipercor,33.61
2169,Hipercor,34.25
2170,Hipercor,37.35
2171,Hipercor,38.09
2172,Hipercor,14.90
2173,Hipercor,16.57
2174,Hipercor,16.90
2175,Hipercor,2.09
2176,Hipercor,2.19
2177,Hipercor,9.30
2178,Hipercor,10.30
2179,Hipercor,10.50
2180,Hipercor,10.71
2181,Hipercor,10.80
2182,Hipercor,47.99
2183,Hipercor,48.95
2184,Hipercor,49.51
2185,Hipercor,10.95
2186,Hipercor,11.16
2187,Hipercor,8.73
2188,Hipercor,9.13
2189,Hipercor,9.31
2190,Hipercor,43.32
2191,Hipercor,43.85
2192,Hipercor,44.72
2193,Hipercor,21.27
2194,Hipercor,21.90
2195,Hipercor,53.37
2196,Hipercor,54.95
2197,Hipercor,11.58
2198,Hipercor,12.11
2199,Hipercor,12.35
2200,Hipercor,53.82
2201,Hipercor,56.85
2202,Hipercor,57.98
2203,Hipercor,12.10
2204,Hipercor,20.95
2205,Hipercor,21.36
2206,Hipercor,11.70
2207,Hipercor,11.93
2208,Hipercor,3.37
2209,Hipercor,3.43
2210,Hipercor,55.72
2211,Hipercor,56.83
2212,Hipercor,35.00
2213,Hipercor,35.70
2214,Hipercor,11.57
2215,Hipercor,11.80
2216,Hipercor,7.49
2217,Hipercor,10.29
2218,Hipercor,10.49
2219,Hipercor,10.99
2220,Hipercor,11.86
2221,Hipercor,12.45
2222,Hipercor,7.49
2223,Hipercor,10.29
2224,Hipercor,10.49
2225,Hipercor,10.99
2226,Hipercor,11.86
2227,Hipercor,12.45
2228,Hipercor,26.50
2229,Hipercor,27.03
2230,Hipercor,29.99
2231,Hipercor,32.95
2232,Hipercor,33.95
2233,Hipercor,34.62
2234,Hipercor,47.50
2235,Hipercor,47.61
2236,Hipercor,49.41
2237,Hipercor,3.29
2238,Hipercor,3.32
2239,Hipercor,3.36
2240,Hipercor,3.79
2241,Hipercor,3.88
2242,Hipercor,8.99
2243,Hipercor,11.99
2244,Hipercor,12.89
2245,Hipercor,13.29
2246,Hipercor,9.29
2247,Hipercor,9.48
2248,Hipercor,31.39
2249,Hipercor,31.42
2250,Hipercor,32.02
2251,Hipercor,9.29
2252,Hipercor,9.32
2253,Hipercor,9.29
2254,Hipercor,9.32
2255,Hipercor,9.29
2256,Hipercor,9.51
2257,Hipercor,3.99
2258,Hipercor,4.28
2259,Hipercor,4.49
2260,Hipercor,3.79
2261,Hipercor,3.88
2262,Hipercor,11.90
2263,Hipercor,12.13
2264,Hipercor,11.02
2265,Hipercor,11.24
2266,Hipercor,54.24
2267,Hipercor,55.32
2268,Hipercor,8.50
2269,Hipercor,8.70
2270,Hipercor,6.99
2271,Hipercor,7.10
2272,Hipercor,7.59
2273,Hipercor,7.85
2274,Hipercor,7.99
2275,Hipercor,8.00
2276,Hipercor,8.87
2277,Hipercor,9.04
2278,Hipercor,7.99
2279,Hipercor,8.52
2280,Hipercor,8.95
2281,Hipercor,9.12
2282,Hipercor,9.85
2283,Hipercor,9.95
2284,Hipercor,11.00
2285,Hipercor,11.22
2286,Hipercor,6.62
2287,Hipercor,6.99
2288,Hipercor,7.08
2289,Hipercor,7.15
2290,Hipercor,8.03
2291,Hipercor,8.19
2292,Hipercor,6.62
2293,Hipercor,6.99
2294,Hipercor,7.08
2295,Hipercor,7.15
2296,Hipercor,7.86
2297,Hipercor,8.01
2298,Hipercor,9.75
2299,Hipercor,13.00
2300,Hipercor,13.26
2301,Hipercor,13.90
2302,Hipercor,14.28
2303,Hipercor,25.95
2304,Hipercor,27.75
2305,Hipercor,28.52
2306,Hipercor,28.95
2307,Hipercor,29.95
2308,Hipercor,31.34
2309,Hipercor,31.96
2310,Hipercor,34.28
2311,Hipercor,39.19
2312,Hipercor,40.95
2313,Hipercor,41.49
2314,Hipercor,41.76
2315,Hipercor,42.99
2316,Hipercor,43.99
2317,Hipercor,44.75
2318,Hipercor,45.23
2319,Hipercor,52.75
2320,Hipercor,56.66
2321,Hipercor,9.69
2322,Hipercor,9.85
2323,Hipercor,11.23
2324,Hipercor,11.45
2325,Hipercor,9.69
2326,Hipercor,9.85
2327,Hipercor,10.75
2328,Hipercor,10.96
2329,Hipercor,9.69
2330,Hipercor,9.85
2331,Hipercor,10.75
2332,Hipercor,10.96
2333,Hipercor,10.62
2334,Hipercor,10.83
2335,Hipercor,2.17
2336,Hipercor,2.25
2337,Hipercor,16.05
2338,Hipercor,16.37
2339,Hipercor,14.60
2340,Hipercor,14.60
2341,Hipercor,14.60
2342,Hipercor,6.20
2343,Hipercor,6.34
2344,Hipercor,9.90
2345,Hipercor,2.85
2346,Hipercor,2.90
2347,Hipercor,11.86
2348,Hipercor,12.09
2349,Hipercor,14.29
2350,Hipercor,14.43
2351,Hipercor,14.71
2352,Hipercor,14.18
2353,Hipercor,14.29
2354,Hipercor,14.46
2355,Hipercor,15.48
2356,Hipercor,15.78
2357,Hipercor,16.25
2358,Hipercor,11.86
2359,Hipercor,12.09
2360,Hipercor,12.45
2361,Hipercor,9.80
2362,Hipercor,9.99
2363,Hipercor,11.33
2364,Hipercor,46.95
2365,Hipercor,47.88
2366,Hipercor,54.24
2367,Hipercor,11.39
2368,Hipercor,11.61
2369,Hipercor,11.89
2370,Hipercor,11.99
2371,Hipercor,12.12
2372,Hipercor,14.43
2373,Hipercor,14.71
2374,Hipercor,14.85
2375,Hipercor,15.14
2376,Hipercor,42.29
2377,Hipercor,43.13
2378,Hipercor,33.95
2379,Hipercor,34.62
2380,Hipercor,34.95
2381,Hipercor,52.95
2382,Hipercor,54.00
2383,Hipercor,55.75
2384,Hipercor,56.86
2385,Hipercor,57.50
2386,Hipercor,14.85
2387,Hipercor,15.14
2388,Hipercor,15.65
2389,Hipercor,15.96
2390,Hipercor,12.09
2391,Hipercor,12.12
2392,Hipercor,12.36
2393,Hipercor,9.80
2394,Hipercor,9.99
2395,Hipercor,11.38
2396,Hipercor,46.95
2397,Hipercor,47.88
2398,Hipercor,54.24
2399,Hipercor,6.86
2400,Hipercor,11.38
2401,Hipercor,12.63
2402,Hipercor,13.45
2403,Hipercor,15.74
2404,Hipercor,16.35
2405,Hipercor,16.67
2406,Hipercor,56.14
2407,Hipercor,60.98
2408,Hipercor,65.10
2409,Hipercor,26.95
2410,Hipercor,29.56
2411,Hipercor,7.86
2412,Hipercor,8.01
2413,Hipercor,13.29
2414,Hipercor,13.55
2415,Hipercor,47.57
2416,Hipercor,48.52
2417,Hipercor,13.29
2418,Hipercor,13.55
2419,Hipercor,17.04
2420,Hipercor,17.38
2421,Hipercor,8.52
2422,Hipercor,8.69
2423,Hipercor,15.57
2424,Hipercor,15.88
2425,Hipercor,14.24
2426,Hipercor,14.52
2427,Hipercor,13.29
2428,Hipercor,13.55
2429,Hipercor,16.14
2430,Hipercor,16.46
2431,Hipercor,13.29
2432,Hipercor,13.55
2433,Hipercor,7.86
2434,Hipercor,8.25
2435,Hipercor,8.41
2436,Hipercor,47.57
2437,Hipercor,48.52
2438,Hipercor,11.69
2439,Hipercor,12.05
2440,Hipercor,12.29
2441,Hipercor,10.57
2442,Hipercor,11.72
2443,Hipercor,13.32
2444,Hipercor,13.58
2445,Hipercor,47.57
2446,Hipercor,48.52
2447,Hipercor,9.23
2448,Hipercor,9.41
2449,Hipercor,2.95
2450,Hipercor,2.95
2451,Hipercor,2.95
2452,Hipercor,29.95
2453,Hipercor,33.95
2454,Hipercor,42.71
2455,Hipercor,43.56
2456,Hipercor,44.85
2457,Hipercor,49.95
2458,Hipercor,54.95
2459,Hipercor,67.48
2460,Hipercor,68.82
2461,Hipercor,70.85
2462,Hipercor,17.90
2463,Hipercor,18.25
2464,Hipercor,9.50
2465,Hipercor,9.69
2466,Hipercor,137.88
2467,Hipercor,151.30
2468,Hipercor,154.32
2469,Hipercor,15.19
2470,Hipercor,15.49
2471,Hipercor,54.10
2472,Hipercor,55.18
2473,Hipercor,11.32
2474,Hipercor,11.54
2475,Hipercor,9.95
2476,Hipercor,10.60
2477,Hipercor,10.81
2478,Hipercor,11.22
2479,Hipercor,11.44
2480,Hipercor,11.69
2481,Hipercor,12.49
2482,Hipercor,12.99
2483,Hipercor,13.24
2484,Hipercor,2.75
2485,Hipercor,53.24
2486,Hipercor,54.30
2487,Hipercor,9.14
2488,Hipercor,9.32
2489,Hipercor,7.90
2490,Hipercor,8.08
2491,Hipercor,1.89
2492,Hipercor,6.35
2493,Hipercor,6.47
2494,Hipercor,16.14
2495,Hipercor,16.46
2496,Hipercor,16.14
2497,Hipercor,16.46
2498,Hipercor,25.95
2499,Hipercor,28.52
2500,Hipercor,29.09
2501,Hipercor,14.05
2502,Hipercor,33.33
2503,Hipercor,33.99
2504,Hipercor,19.00
2505,Hipercor,19.38
2506,Mercadona,6.75
2507,Mercadona,6.95
2508,Mercadona,7.09
2509,Mercadona,7.62
2510,Mercadona,8.00
2511,Mercadona,6.75
2512,Mercadona,6.95
2513,Mercadona,7.09
2514,Mercadona,7.62
2515,Mercadona,8.00
2516,Mercadona,19.35
2517,Mercadona,19.85
2518,Mercadona,20.25
2519,Mercadona,22.76
2520,Mercadona,23.90
2521,Mercadona,19.35
2522,Mercadona,19.85
2523,Mercadona,20.25
2524,Mercadona,22.76
2525,Mercadona,23.90
2526,Mercadona,2.90
2527,Mercadona,3.00
2528,Mercadona,3.06
2529,Mercadona,3.14
2530,Mercadona,3.30
2531,Mercadona,8.85
2532,Mercadona,8.95
2533,Mercadona,9.13
2534,Mercadona,9.19
2535,Mercadona,9.65
2536,Mercadona,25.95
2537,Mercadona,26.70
2538,Mercadona,27.23
2539,Mercadona,27.43
2540,Mercadona,28.80
2541,Mercadona,7.60
2542,Mercadona,7.71
2543,Mercadona,7.75
2544,Mercadona,8.10
2545,Mercadona,7.30
2546,Mercadona,7.31
2547,Mercadona,7.45
2548,Mercadona,7.48
2549,Mercadona,7.85
2550,Mercadona,7.75
2551,Mercadona,7.90
2552,Mercadona,8.06
2553,Mercadona,8.30
2554,Mercadona,8.52
2555,Mercadona,8.95
2556,Mercadona,22.50
2557,Mercadona,23.40
2558,Mercadona,23.87
2559,Mercadona,24.30
2560,Mercadona,25.05
2561,Mercadona,26.30
